InstitutionName,InstitutionLabel,Country,CountryCode,ConsortiaCode,MemberType,sId,rorId,isConsortium,Institution,salsaId,orgId,Comment,TP,FP,FN,TN
University of Pennsylvania,University of Pennsylvania,United States,US,,member,1,https://ror.org/00b30xv10,0,University of Pennsylvania,52318421,60006297,,8,2,0,1990
University of Iowa,University of Iowa,United States,US,BTAA,champion,2,https://ror.org/036jqmy94,0,University of Iowa,,60024324,,4,0,1,1995
Harvard University,Harvard University,United States,US,,member,3,https://ror.org/03vek6s52,0,Harvard University,5231157,60009982,,18,1,12,1969
New York University,New York University,United States,US,,member,4,https://ror.org/0190ak572,0,New York University,5231194,60021784,,8,3,2,1987
Indiana University,Indiana University,United States,US,BTAA,champion,5,https://ror.org/01kg8sb98,0,Indiana University,,60138445,,4,1,0,1995
"DESY (HGF - Helmholtz Association, German Research Centers)","DESY (HGF - Helmholtz Association, German Research Centers)",Germany,DE,DHHGF,member,6,https://ror.org/01js2sh04,0,"DESY (HGF - Helmholtz Association, German Research Centers)",5231142,60030635,,2,0,2,1996
Los Alamos National Laboratory,Los Alamos National Laboratory,United States,US,,champion,7,https://ror.org/01e41cf67,0,Los Alamos National Laboratory,52318425,60006164,,7,0,2,1991
University of Rochester,University of Rochester,United States,US,,member,8,https://ror.org/022kthw22,0,University of Rochester,1715555,60027165,,3,1,1,1995
University of Minnesota,University of Minnesota,United States,US,BTAA,champion,9,https://ror.org/017zqws13,0,University of Minnesota,,60005745,,3,2,1,1994
Michigan State University,Michigan State University,United States,US,BTAA,champion,10,https://ror.org/05hs6h993,0,Michigan State University,,60031707,,4,1,0,1995
Duke University,Duke University,United States,US,,member,11,https://ror.org/00py81415,0,Duke University,1735259,60008724,,5,1,0,1994
"University of Wisconsin, Madison","University of Wisconsin, Madison",United States,US,BTAA,champion,12,https://ror.org/01y2jtd41,0,"University of Wisconsin, Madison",,60032179,,12,3,2,1983
Texas A&M University,Texas A&M University,United States,US,,member,13,https://ror.org/01f5ytq51,0,Texas A&M University,1713694,60020547,,8,1,1,1990
Boston College,Boston College,United States,US,,member,14,https://ror.org/02n2fzt79,0,Boston College,5231123,60031117,,0,0,0,2000
Penn State University,Penn State University,United States,US,BTAA,champion,15,https://ror.org/04p491231,0,Penn State University,,60001439,,14,3,1,1982
Australian National University,Australian National University,Australia,AU,CAUL,member,16,https://ror.org/019wvm592,0,Australian National University,2090464,60008950,,8,1,1,1990
Rice University,Rice University,United States,US,,member,17,https://ror.org/008zs3103,0,Rice University,1735687,60005286,,3,1,1,1995
Tokyo University of Science,Tokyo University of Science,Japan,JP,NII,member,18,https://ror.org/05sj3n476,0,Tokyo University of Science,,60025141,,1,1,0,1998
University of Tokyo,University of Tokyo,Japan,JP,NII,member,478,https://ror.org/057zh3y96,0,University of Tokyo,,60025272,,19,3,2,1976
Institute for Advanced Study,Institute for Advanced Study,United States,US,,member,19,https://ror.org/00f809463,0,Institute for Advanced Study,52320620,60027485,,0,0,3,1997
University of Oregon,University of Oregon,United States,US,,member,21,https://ror.org/0293rh119,0,University of Oregon,1746087,60012317,,0,0,0,2000
ETH Zurich,ETH Zurich,Switzerland,CH,,member,22,https://ror.org/05a28rw58,0,ETH Zurich,52320631,60025858,,27,4,1,1968
"University of Zurich, Institute of Theoretical Physics","University of Zurich, Institute of Theoretical Physics",Switzerland,CH,CSAL,member,479,https://ror.org/02crff812,0,"University of Zurich, Institute of Theoretical Physics",1839345,60012614,,5,2,3,1990
University of Toronto,University of Toronto,Canada,CA,,member,23,https://ror.org/03dbr7087,0,University of Toronto,2090580,60016849,,4,7,0,1989
"University of California, Berkeley","University of California, Berkeley",United States,US,CDL,champion,24,https://ror.org/01an7q238,0,"University of California, Berkeley",,60025038,,21,9,6,1964
"University of California, Davis","University of California, Davis",United States,US,CDL,champion,25,https://ror.org/05rrcem69,0,"University of California, Davis",,60014439,,7,0,1,1992
"University of California, Irvine","University of California, Irvine",United States,US,CDL,champion,26,https://ror.org/04gyf1771,0,"University of California, Irvine",,60007278,,5,0,1,1994
"University of California, Los Angeles","University of California, Los Angeles",United States,US,CDL,champion,27,https://ror.org/046rm7j60,0,"University of California, Los Angeles",,60027550,,18,19,2,1961
"University of California, Merced","University of California, Merced",United States,US,CDL,champion,28,https://ror.org/00d9ah105,0,"University of California, Merced",,60009164,,3,2,1,1994
"University of California, Riverside","University of California, Riverside",United States,US,CDL,champion,29,https://ror.org/03nawhv43,0,"University of California, Riverside",,60029526,,2,0,2,1996
"University of California, San Diego","University of California, San Diego",United States,US,CDL,champion,30,https://ror.org/0168r3w48,0,"University of California, San Diego",,60030612,,12,3,1,1984
"University of California, Santa Barbara","University of California, Santa Barbara",United States,US,CDL,champion,31,https://ror.org/02t274463,0,"University of California, Santa Barbara",,60029241,,4,1,1,1994
"University of California, Santa Cruz","University of California, Santa Cruz",United States,US,CDL,champion,32,https://ror.org/03s65by71,0,"University of California, Santa Cruz",,60024941,,6,1,0,1993
Kyoto University,Kyoto University,Japan,JP,NII,member,34,https://ror.org/02kpeqv85,0,Kyoto University,,60011001,,13,2,1,1984
University of Waterloo,University of Waterloo,Canada,CA,,member,35,https://ror.org/01aff2v68,0,University of Waterloo,52318423,60014171,,12,4,0,1984
University of Tsukuba,University of Tsukuba,Japan,JP,NII,member,36,https://ror.org/02956yf07,0,University of Tsukuba,,60014256,,2,0,3,1995
Washington State University,Washington State University,United States,US,,member,37,https://ror.org/05dk0ce17,0,Washington State University,52318442,60009831,,2,0,1,1997
Tohoku University,Tohoku University,Japan,JP,NII,member,38,https://ror.org/01dq60k83,0,Tohoku University,,60008435,,5,1,0,1994
Purdue University,Purdue University,United States,US,BTAA,champion,39,https://ror.org/05p8z3f47,0,Purdue University,,60009254,,0,0,11,1989
University of Michigan,University of Michigan,United States,US,BTAA,champion,40,https://ror.org/00jmfr291,0,University of Michigan,,60025778,,13,2,2,1983
Rutgers University,Rutgers University,United States,US,BTAA,champion,41,https://ror.org/05vt9qd57,0,Rutgers University,,60030623,,3,3,1,1993
University of Maryland,University of Maryland,United States,US,BTAA,champion,42,https://ror.org/01r0c1p88,0,University of Maryland,,60018515,,0,0,31,1969
Waseda University,Waseda University,Japan,JP,NII,member,43,https://ror.org/00ntfnx83,0,Waseda University,,60023462,,3,1,0,1996
"IHEP, National Science Library, CAS","IHEP, National Science Library, CAS",China,CN,,member,44,https://ror.org/03v8tnc06,0,"IHEP, National Science Library, CAS",,60117390,,0,1,0,1999
Washington University in St. Louis,Washington University in St. Louis,United States,US,,member,45,https://ror.org/01yc7t268,0,Washington University in St. Louis,52320633,60010261,,5,0,4,1991
Villanova,Villanova,United States,US,,member,46,https://ror.org/02g7kd627,0,Villanova,1730241,60000009,,1,0,0,1999
Northwestern University,Northwestern University,United States,US,BTAA,champion,47,https://ror.org/000e0be47,0,Northwestern University,,60007363,,0,0,13,1987
Carnegie Mellon University,Carnegie Mellon University,United States,US,,member,48,https://ror.org/05x2bcf33,0,Carnegie Mellon University,52318419,60027950,,17,2,1,1980
University of Colorado,University of Colorado,United States,US,,member,50,https://ror.org/00jc20583,0,University of Colorado,52318424,60031819,,0,0,12,1988
University of Massachusetts,University of Massachusetts,United States,US,,member,51,https://ror.org/0072zz521,0,University of Massachusetts,5231297,60014313,,5,0,0,1995
University of Chicago,University of Chicago,United States,US,BTAA,champion,55,https://ror.org/024mw5h28,0,University of Chicago,,60029278,,8,2,0,1990
University of Queensland,University of Queensland,Australia,AU,,member,56,https://ror.org/00rqy9422,0,University of Queensland,3208424,60031004,,3,0,0,1997
University of Florida,University of Florida,United States,US,,member,60,https://ror.org/02y3ad647,0,University of Florida,1739842,60013959,,5,2,2,1991
Cardiff University,Cardiff University,United Kingdom,UK,Jisc,member,73,https://ror.org/03kk7td41,0,Cardiff University,,60023998,,1,0,0,1999
Durham University,Durham University,United Kingdom,GB,Jisc,member,81,https://ror.org/01v29qb04,0,Durham University,,60022175,,7,0,2,1991
King's College London,King's College London,United Kingdom,GB,Jisc,member,97,https://ror.org/0220mzb33,0,King's College London,,60015150,,4,0,1,1995
University College London,University College London,United Kingdom,GB,Jisc,champion,159,https://ror.org/02jx3x895,0,University College London,,60022148,,10,2,4,1984
University of Birmingham,University of Birmingham,United Kingdom,UK,Jisc,member,166,https://ror.org/03angcq70,0,University of Birmingham,,60019702,,4,1,3,1992
University of Bristol,University of Bristol,United Kingdom,GB,,member,170,https://ror.org/0524sp257,0,University of Bristol,,60020650,,6,1,2,1991
University of Glasgow,University of Glasgow,United Kingdom,UK,Jisc,member,183,https://ror.org/00vtgdb53,0,University of Glasgow,,60001490,,6,2,1,1991
University of York,University of York,United Kingdom,GB,,member,222,https://ror.org/04m01e293,0,University of York,5231331,60016418,,1,1,0,1998
Yale University,Yale University,United States,US,,member,226,https://ror.org/03v76x132,0,Yale University,5231339,60005455,,7,4,2,1987
Boston University,Boston University,United States,US,,member,227,https://ror.org/05qwgg493,0,Boston University,5231125,60019674,,6,3,1,1990
University of Melbourne,University of Melbourne,Australia,AU,CAUL,member,228,https://ror.org/01ej9dk98,0,University of Melbourne,5231299,60026553,,2,0,0,1998
Oregon State University,Oregon State University,United States,US,,member,229,https://ror.org/00ysfqy60,0,Oregon State University,1726518,60013402,,1,0,0,1999
California Institute of Technology (Caltech),California Institute of Technology (Caltech),United States,US,,champion,230,https://ror.org/05dxps055,0,California Institute of Technology (Caltech),1716899,60031581,,28,2,1,1969
University of Amsterdam,University of Amsterdam,Netherlands,NL,,member,232,https://ror.org/04dkp9463,0,University of Amsterdam,5231263,60002483,,12,1,0,1987
University of Vienna,University of Vienna,Austria,AT,,member,234,https://ror.org/03prydq77,0,University of Vienna,5097856,60018163,,8,1,0,1991
Bibliothèque de l'Observatoire de Paris (OBSPM),Bibliothèque de l'Observatoire de Paris (OBSPM),France,FR,CCSD,member,235,https://ror.org/029nkcm90,0,Bibliothèque de l'Observatoire de Paris (OBSPM),,60003674,,7,0,8,1985
Technion - Israel Institute of Technology,Technion - Israel Institute of Technology,Israel,IL,,member,236,https://ror.org/03qryx823,0,Technion - Israel Institute of Technology,52318426,60022403,,5,2,1,1992
University of Bern,University of Bern,Switzerland,CH,,member,237,https://ror.org/02k7v4d05,0,University of Bern,1745620,60020486,,3,1,7,1989
University of Washington Libraries,University of Washington Libraries,United States,US,,member,239,https://ror.org/00cvxb145,0,University of Washington Libraries,1714389,60015481,,4,6,1,1989
Perimeter Institute for Theoretical Physics,Perimeter Institute for Theoretical Physics,Canada,CA,,member,241,https://ror.org/013m0ej23,0,Perimeter Institute for Theoretical Physics,5231205,60031486,,7,1,0,1992
University of Helsinki,University of Helsinki,Finland,FI,,member,242,https://ror.org/040af2s02,0,University of Helsinki,5231289,60002952,,7,1,3,1989
Max Planck Digital Libraries,Max Planck Digital Libraries,Germany,DE,,member,243,https://ror.org/01hhn8329,0,Max Planck Digital Libraries,52318490,60006089,,0,0,1,1999
Cornell University,Cornell University,United States,US,,champion,244,https://ror.org/05bnh6r87,0,Cornell University,,60007776,,13,3,1,1983
Georgia Institute of Technology,Georgia Institute of Technology,United States,US,,champion,245,https://ror.org/01zkghx44,0,Georgia Institute of Technology,1727698,60019647,,12,3,0,1985
Fermilab,Fermilab,United States,US,,member,246,https://ror.org/020hgte69,0,Fermilab,5203933,60013881,,8,0,1,1991
Leiden University (Leiden Institute of Physics),Leiden University (Leiden Institute of Physics),Netherlands,NL,,member,247,https://ror.org/027bh9e22,0,Leiden University (Leiden Institute of Physics),2231668,60019816,,9,1,2,1988
Lawrence Berkeley National Laboratory,Lawrence Berkeley National Laboratory,United States,US,CDL,champion,248,https://ror.org/02jbv0t02,0,Lawrence Berkeley National Laboratory,,60007174,,7,2,2,1989
"University of California, San Francisco","University of California, San Francisco",United States,US,CDL,champion,249,https://ror.org/043mz5j54,0,"University of California, San Francisco",,60023691,,0,0,0,2000
CERN-European Organization for Nuclear Research,CERN-European Organization for Nuclear Research,Switzerland,CH,,champion,252,https://ror.org/01ggx4157,0,CERN-European Organization for Nuclear Research,5231134,60019778,,9,1,0,1990
Simon Fraser University,Simon Fraser University,Canada,CA,CRKN,member,253,https://ror.org/0213rcc28,0,Simon Fraser University,1750797,60018491,,1,1,0,1998
Stony Brook University,Stony Brook University,United States,US,,member,254,https://ror.org/05qghxh33,0,Stony Brook University,1771786,60026415,,7,2,0,1991
University of Georgia,University of Georgia,United States,US,,member,255,https://ror.org/00te3t702,0,University of Georgia,5231284,60029747,,0,0,1,1999
University of Texas at Austin,University of Texas at Austin,United States,US,,member,256,https://ror.org/00hj54h04,0,University of Texas at Austin,,60013372,,11,4,2,1983
Columbia University,Columbia University,United States,US,,member,258,https://ror.org/00hj8s172,0,Columbia University,1721059,60030162,,8,0,0,1992
Uppsala University,Uppsala University,Sweden,SE,,member,259,https://ror.org/048a87296,0,Uppsala University,52318427,60003858,,7,1,1,1991
KTH Royal Institute of Technology,KTH Royal Institute of Technology,Sweden,SE,,member,270,https://ror.org/026vcq606,0,KTH Royal Institute of Technology,4823336,60002014,,16,0,6,1978
University of Groningen,University of Groningen,Netherlands,NL,,member,271,https://ror.org/012p63287,0,University of Groningen,1853756,60010023,,8,0,2,1990
McGill University,McGill University,Canada,CA,,member,383,https://ror.org/01pxwe438,0,McGill University,1715507,60002494,,3,1,1,1995
University of Arizona,University of Arizona,United States,US,,member,384,https://ror.org/03m2x1q45,0,University of Arizona,1724350,60010065,,10,1,0,1989
University of North Carolina,University of North Carolina,United States,US,,member,385,https://ror.org/0566a8c54,0,University of North Carolina,5231308,60017717,,0,0,15,1985
University of Cape Town,University of Cape Town,Saudi Arabia,SA,,member,386,https://ror.org/03p74gp79,0,University of Cape Town,5231278,60000356,,3,0,2,1995
University of Arkansas,University of Arkansas,United States,US,,member,388,https://ror.org/05vvhh982,0,University of Arkansas,5231264,60004862,,0,0,1,1999
Hebrew University of Jerusalem,Hebrew University of Jerusalem,Israel,IL,,member,389,https://ror.org/03qxff017,0,Hebrew University of Jerusalem,2090903,60007903,,8,2,0,1990
University of New Hampshire,University of New Hampshire,United States,US,,member,390,https://ror.org/0061x0487,0,University of New Hampshire,1734196,60027646,,0,0,4,1996
Institute of Math Sciences - Chennai India,Institute of Math Sciences - Chennai India,India,IN,,member,391,https://ror.org/05078rg59,0,Institute of Math Sciences - Chennai India,52320621,60032005,,0,0,0,2000
University of Kansas,University of Kansas,United States,US,,member,392,https://ror.org/001tmjg57,0,University of Kansas,52318439,60015457,,0,0,2,1998
University of Sydney,University of Sydney,Australia,AU,CAUL,member,395,https://ror.org/0384j8v12,0,University of Sydney,5231318,60025709,,8,2,0,1990
University of Technology Sydney (UTS),University of Technology Sydney (UTS),Australia,AU,,member,480,https://ror.org/03f0f6041,0,University of Technology Sydney (UTS),52320629,60023932,,9,0,0,1991
University of Alberta,University of Alberta,Canada,CA,,member,396,https://ror.org/0160cpw27,0,University of Alberta,1721639,60030835,,4,2,0,1994
Georgetown University,Georgetown University,United States,US,,member,397,https://ror.org/05vzafd60,0,Georgetown University,52318438,60023927,,0,0,0,2000
European Southern Observatory,European Southern Observatory,Germany,DE,,member,400,https://ror.org/01qtasp15,0,European Southern Observatory,5104992,60023599,,5,1,1,1993
University of Geneva,University of Geneva,Switzerland,CH,CSAL,member,401,https://ror.org/01swzsf04,0,University of Geneva,5231283,60004718,,5,0,1,1994
SISSA (Scuola Internazionale Superiore di Studi Avanzati),SISSA (Scuola Internazionale Superiore di Studi Avanzati),Italy,IT,,member,402,https://ror.org/004fze387,0,SISSA (Scuola Internazionale Superiore di Studi Avanzati),5096207,60012227,,4,1,0,1995
Tufts University,Tufts University,United States,US,,member,403,https://ror.org/05wvpxv85,0,Tufts University,1735116,60023143,,2,0,0,1998
National Taiwan University,National Taiwan University,"Taiwan, Province of China",TW,,member,404,https://ror.org/05bqach95,0,National Taiwan University,1712648,60005429,,6,0,2,1992
Radboud University,Radboud University,Netherlands,NL,,member,405,https://ror.org/016xsfp80,0,Radboud University,,60016529,,3,1,2,1994
Tel Aviv University,Tel Aviv University,Israel,IL,,member,407,https://ror.org/04mhzgx49,0,Tel Aviv University,,60005681,,9,0,2,1989
Université de Montréal,Université de Montréal,Canada,CA,,member,481,https://ror.org/0161xgx34,0,Université de Montréal,52318433,60009507,,3,1,5,1991
Université du Québec à Montréal,Université du Québec à Montréal,Canada,CA,CRKN,member,408,https://ror.org/002rjbv21,0,Université du Québec à Montréal,,60027863,,0,0,1,1999
Virginia Tech,Virginia Tech,United States,US,,member,409,https://ror.org/02smfhw86,0,Virginia Tech,1736944,60027090,,7,1,0,1992
University of British Columbia,University of British Columbia,Canada,CA,,member,411,https://ror.org/03rmrcq20,0,University of British Columbia,1714346,60010365,,12,0,0,1988
University at Buffalo,University at Buffalo,United States,US,,member,412,https://ror.org/01y64my43,0,University at Buffalo,1749896,60032083,,0,4,0,1996
University of Virginia,University of Virginia,United States,US,,member,413,https://ror.org/0153tk833,0,University of Virginia,5097856,60021918,,4,2,1,1993
University of Auckland,University of Auckland,New Zealand,NZ,,member,414,https://ror.org/03b94tp07,0,University of Auckland,1750902,60005686,,0,0,1,1999
George Mason University,George Mason University,United States,US,,member,415,https://ror.org/02jqj7156,0,George Mason University,1720899,60018319,,2,0,1,1997
University of Adelaide,University of Adelaide,Australia,AU,CAUL,member,417,https://ror.org/00892tw58,0,University of Adelaide,2090471,60009512,,0,2,0,1998
Nikhef,Nikhef,Netherlands,NL,,member,418,https://ror.org/00f9tz983,0,Nikhef,5231196,60031654,,0,0,0,2000
University of Witwatersrand,University of Witwatersrand,Saudi Arabia,SA,,member,420,https://ror.org/03rp50x72,0,University of Witwatersrand,5231330,60016218,,1,0,2,1997
Research Centre for Astronomy and Earth Sciences,Research Centre for Astronomy and Earth Sciences,Hungary,HU,,member,421,https://ror.org/036wvs663,0,Research Centre for Astronomy and Earth Sciences,5231211,60022319,,0,0,1,1999
University of Western Australia,University of Western Australia,Australia,AU,,member,422,https://ror.org/047272k79,0,University of Western Australia,5231326,60031806,,2,0,1,1997
University of Innsbruck,University of Innsbruck,Austria,AT,,member,423,https://ror.org/054pv6659,0,University of Innsbruck,52318432,60009999,,3,1,0,1996
IST Austria,IST Austria,Austria,AT,,member,424,https://ror.org/03gnh5541,0,IST Austria,52318445,60103776,,2,0,0,1998
University of Central Oklahoma,University of Central Oklahoma,United States,US,,member,425,https://ror.org/02n455404,0,University of Central Oklahoma,5231279,60010021,,0,0,0,2000
Raman Research Institute,Raman Research Institute,India,IN,,member,426,https://ror.org/01qdav448,0,Raman Research Institute,5231210,60022784,,0,0,0,2000
Western University,Western University,Canada,CA,,member,427,https://ror.org/02grkyz14,0,Western University,5231337,60010884,,2,0,2,1996
Johns Hopkins University,Johns Hopkins University,United States,US,,member,428,https://ror.org/00za53h95,0,Johns Hopkins University,1723915,60005248,,18,5,1,1976
TRIUMF,TRIUMF,Canada,CA,,member,429,https://ror.org/03kgj4539,0,TRIUMF,5231231,60010365,,0,1,0,1999
Massachusetts Institute of Technology (MIT),Massachusetts Institute of Technology (MIT),United States,US,,champion,430,https://ror.org/042nb2s44,0,Massachusetts Institute of Technology (MIT),1746089,60022195,,27,4,15,1954
University of North Texas,University of North Texas,United States,US,,member,431,https://ror.org/00v97ad02,0,University of North Texas,1792447,60024438,,1,0,0,1999
Monash University,Monash University,Australia,AU,CAUL,member,432,https://ror.org/02bfwt286,0,Monash University,52318428,60019578,,7,1,3,1989
King Abdullah University of Science and Technology (KAUST),King Abdullah University of Science and Technology (KAUST),Saudi Arabia,SA,,member,433,https://ror.org/01q3tbs38,0,King Abdullah University of Science and Technology (KAUST),2477195,60092945,,5,0,1,1994
Institute of Physics of the Czech Academy of Sciences,Institute of Physics of the Czech Academy of Sciences,Czech Republic,CZ,,member,436,https://ror.org/02yhj4v17,0,Institute of Physics of the Czech Academy of Sciences,52318437,60016576,,2,0,2,1996
Niels Bohr Institute,Niels Bohr Institute,Denmark,DK,,member,439,,0,Niels Bohr Institute,52318440,60030840,"Not tracked in scopus. Scopus OrgID is for University of Copenhagen, https://ror.org/035b05819, should this report be university-wide?",0,0,0,0
Vrije Universiteit Brussel,Vrije Universiteit Brussel,Belgium,BE,,member,440,https://ror.org/006e5kg04,0,Vrije Universiteit Brussel,52318443,60026810,,1,0,1,1998
Lehigh University,Lehigh University,United States,US,,member,441,https://ror.org/012afjb06,0,Lehigh University,1735036,60000060,,4,0,0,1996
International Centre for Theoretical Physics (ICTP),International Centre for Theoretical Physics (ICTP),Italy,IT,,member,442,https://ror.org/009gyvm78,0,International Centre for Theoretical Physics (ICTP),5211104,60031745,,3,0,0,1997
Syracuse University,Syracuse University,United States,US,,member,443,https://ror.org/025r5qe02,0,Syracuse University,1715668,60030551,,4,1,1,1994
Iowa State University,Iowa State University,United States,US,,member,444,https://ror.org/04rswrd78,0,Iowa State University,5231170,60004354,,0,1,0,1999
McMaster University,McMaster University,Canada,CA,CRKN,member,445,https://ror.org/02fa3aq29,0,McMaster University,52318447,60031828,,3,0,0,1997
Brown University,Brown University,United States,US,,member,446,https://ror.org/05gq02987,0,Brown University,5231128,60011460,,3,1,1,1995
Aalto University,Aalto University,Finland,FI,FinELib,member,447,https://ror.org/020hwjq30,0,Aalto University,52318446,60103653,,6,0,0,1994
Tsinghua University,Tsinghua University,China,CN,,member,448,https://ror.org/03cve4549,0,Tsinghua University,5231233,60025278,,26,7,4,1963
Tampere University,Tampere University,Finland,FI,FinELib,member,449,https://ror.org/033003e23,0,Tampere University,,60011170,,1,0,0,1999
Queens University,Queens University,Canada,CA,,member,450,https://ror.org/02y72wh86,0,Queens University,52320618,60016005,,0,2,0,1998
University of Notre Dame,University of Notre Dame,United States,US,,member,451,https://ror.org/00mkhxb43,0,University of Notre Dame,52318430,60021508,,7,2,1,1990
Macquarie University,Macquarie University,Australia,AU,CAUL,member,452,https://ror.org/01sf06y89,0,Macquarie University,2233828,60019544,,5,0,0,1995
Universität Basel,Universität Basel,Switzerland,CH,,member,453,https://ror.org/02s6k3f65,0,Universität Basel,52318434,60023588,,3,0,0,1997
Princeton University,Princeton University,United States,US,,member,454,https://ror.org/00hx57361,0,Princeton University,52318492,60003269,,11,16,3,1970
University of Wollongong,University of Wollongong,Australia,AU,CAUL,member,455,https://ror.org/00jtmb277,0,University of Wollongong,52320632,60011664,,1,0,0,1999
Queensland University of Technology,Queensland University of Technology,Australia,AU,CAUL,member,456,https://ror.org/03pnv4752,0,Queensland University of Technology,52320573,60011019,,0,0,0,2000
KU Leuven,KU Leuven,Belgium,BE,,member,457,https://ror.org/05f950310,0,KU Leuven,52320623,60025063,,6,2,0,1992
Joint Institute for Nuclear Research (JINR),Joint Institute for Nuclear Research (JINR),Russian Federation,RU,,member,458,https://ror.org/044yd9t77,0,Joint Institute for Nuclear Research (JINR),52320622,60004764,,4,0,3,1993
Universitetet Oslo,Universitetet Oslo,Norway,NO,,member,459,https://ror.org/01xtthb56,0,Universitetet Oslo,5231260,60010348,,2,1,2,1995
National Library of Sweden,National Library of Sweden,Sweden,SE,,member,460,https://ror.org/049bh0z35,0,National Library of Sweden,52320624,,"Not in Scopus, should this be all Swedish Institutions?",0,0,0,2000
Victoria University of Wellington,Victoria University of Wellington,New Zealand,NZ,,member,461,https://ror.org/0040r6f76,0,Victoria University of Wellington,52320630,60002316,,1,0,0,1999
Commonwealth Scientific and Industrial Research Organisation (CSIRO),Commonwealth Scientific and Industrial Research Organisation (CSIRO),Australia,AU,,member,462,https://ror.org/03qn8fb07,0,Commonwealth Scientific and Industrial Research Organisation (CSIRO),,60029470,,2,2,0,1996
Concordia University,Concordia University,Canada,CA,CRKN,member,463,https://ror.org/0420zvk78,0,Concordia University,,60033154,,0,0,0,2000
Chennai Mathematical Institute,Chennai Mathematical Institute,India,IN,,member,464,https://ror.org/04zp24820,0,Chennai Mathematical Institute,,60032005,,0,0,0,2000
Abo Akademi University,Abo Akademi University,Finland,FI,FinELib,member,465,https://ror.org/029pk6x14,0,Abo Akademi University,,60015375,,0,0,0,2000
Tampere University of Applied Sciences,Tampere University of Applied Sciences,Finland,FI,FinELib,member,466,https://ror.org/00bwtjf83,0,Tampere University of Applied Sciences,,60110687,,0,0,0,2000
University of Eastern Finland,University of Eastern Finland,Finland,FI,FinELib,member,467,https://ror.org/00cyydd11,0,University of Eastern Finland,,60103673,,0,0,0,2000
University of Jyväskylä,University of Jyväskylä,Finland,FI,FinELib,member,468,https://ror.org/05n3dz165,0,University of Jyväskylä,,60032398,,3,1,4,1992
University of Turku,University of Turku,Finland,FI,FinELib,member,469,https://ror.org/05vghhr25,0,University of Turku,,60006876,,3,1,0,1996
Université de Fribourg,Université de Fribourg,Switzerland,CH,CSAL,member,471,https://ror.org/022fs9h90,0,Université de Fribourg,,60024631,,1,0,3,1996
Université de Neuchâtel,Université de Neuchâtel,Switzerland,CH,CSAL,member,472,https://ror.org/00vasag41,0,Université de Neuchâtel,,60002128,,1,0,0,1999
Ecole Polytechnique Fédérale de Lausanne (EPFL),Ecole Polytechnique Fédérale de Lausanne (EPFL),Switzerland,CH,CSAL,member,473,https://ror.org/02s376052,0,Ecole Polytechnique Fédérale de Lausanne (EPFL),2234250,60028186,,6,3,2,1989
Lib4RI,Lib4RI,Switzerland,CH,CSAL,member,474,https://ror.org/021f7p178,0,Lib4RI,,,"Not in Scopus, perhaps related to 60002612, 60020086, 60020195",0,0,0,2000
Zürcher Hochschule der Angewandten Wissenschaften,Zürcher Hochschule der Angewandten Wissenschaften,Switzerland,CH,CSAL,member,475,https://ror.org/05pmsvm27,0,Zürcher Hochschule der Angewandten Wissenschaften,,60015769,,0,0,0,2000
Paul-Drude-Institut für Festkörperelektronik PDI,Paul-Drude-Institut für Festkörperelektronik PDI,Germany,DE,DHHGF,member,476,https://ror.org/01mk1hj86,0,Paul-Drude-Institut für Festkörperelektronik PDI,,60031931,,0,0,0,2000
Indian Institute of Technology - Dharwad,Indian Institute of Technology - Dharwad,India,IN,,member,477,https://ror.org/0509djg30,0,Indian Institute of Technology - Dharwad,,60114348,,0,0,0,2000
Ames Laboratory,Ames Laboratory,United States,US,,member,482,https://ror.org/041m9xr71,0,Ames Laboratory,52320619,60008023,,0,0,0,2000
Argonne National Lab,Argonne National Lab,United States,US,,member,483,https://ror.org/05gvnxz63,0,Argonne National Lab,1714199,60028609,,6,0,0,1994
Austrian Science Fund,Austrian Science Fund,Austria,AT,,member,484,,0,Austrian Science Fund,5117545,,"Not in Scopus, should this be all Austrian Institutions?",0,0,0,0
Bibliothèque Diderot de Lyon (École Normale Supérieure de Lyon / ENS Lyon),Bibliothèque Diderot de Lyon (École Normale Supérieure de Lyon / ENS Lyon),France,FR,COUP,member,485,https://ror.org/04zmssz18,0,Bibliothèque Diderot de Lyon (École Normale Supérieure de Lyon / ENS Lyon),,60005667,,3,2,6,1989
Big Ten Academic Alliance,Big Ten Academic Alliance,United States,US,BTAA,champion,486,https://ror.org/02ntfsb56,1,Big Ten Academic Alliance,,,special definition,0,0,0,2000
Binghamton University - SUNY,Binghamton University - SUNY,United States,US,,member,487,https://ror.org/008rmbt77,0,Binghamton University - SUNY,,60020273,,0,0,0,2000
Brock University,Brock University,Canada,CA,CRKN,member,488,https://ror.org/056am2717,0,Brock University,,60001343,,0,0,0,2000
Brookhaven National Laboratory,Brookhaven National Laboratory,United States,US,,member,489,https://ror.org/02ex6cf31,0,Brookhaven National Laboratory,1733023,60006221,,2,0,0,1998
CSIC - Centro Nacional de Biotecnologia (CNB),CSIC - Centro Nacional de Biotecnologia (CNB),Spain,ES,CSIC,member,490,https://ror.org/015w4v032,0,CSIC - Centro Nacional de Biotecnologia (CNB),,60018678,,0,0,0,2000
CSIC - Centro Nacional de Investigaciones Metalurgicas (CENIM),CSIC - Centro Nacional de Investigaciones Metalurgicas (CENIM),Spain,ES,CSIC,member,491,https://ror.org/04m7z8d34,0,CSIC - Centro Nacional de Investigaciones Metalurgicas (CENIM),,60014583,,0,0,0,2000
CSIC - Centro de Ciencias Humanas y Sociales,CSIC - Centro de Ciencias Humanas y Sociales,Spain,ES,CSIC,member,492,https://ror.org/0391qz193,0,CSIC - Centro de Ciencias Humanas y Sociales,,60015464,,0,0,0,2000
CSIC - Centro de Estudios Avanzados de Blanes (CEAB),CSIC - Centro de Estudios Avanzados de Blanes (CEAB),Spain,ES,CSIC,member,493,https://ror.org/019pzjm43,0,CSIC - Centro de Estudios Avanzados de Blanes (CEAB),,60020193,,0,0,0,2000
CSIC - Centro de Investigaciones Biológicas Margarita Salas (CIB),CSIC - Centro de Investigaciones Biológicas Margarita Salas (CIB),Spain,ES,CSIC,member,494,https://ror.org/04advdf21,0,CSIC - Centro de Investigaciones Biológicas Margarita Salas (CIB),,60009305,,0,0,0,2000
CSIC - Centro de investigacion en Nanomateriales y Nanotecnologia (CINN),CSIC - Centro de investigacion en Nanomateriales y Nanotecnologia (CINN),Spain,ES,CSIC,member,495,https://ror.org/03ppnws78,0,CSIC - Centro de investigacion en Nanomateriales y Nanotecnologia (CINN),,60103741,,1,0,0,1999
CSIC - Estación Experimental La Mayora (EELM),CSIC - Estación Experimental La Mayora (EELM),Spain,ES,CSIC,member,496,,0,CSIC - Estación Experimental La Mayora (EELM),,60003431,,0,0,0,0
CSIC - Estación Experimental de Zonas Áridas (EEZA),CSIC - Estación Experimental de Zonas Áridas (EEZA),Spain,ES,CSIC,member,497,https://ror.org/01hq59z49,0,CSIC - Estación Experimental de Zonas Áridas (EEZA),,60000161,,0,0,0,2000
CSIC - Geociencias Barcelona (GEO3BCN),CSIC - Geociencias Barcelona (GEO3BCN),Spain,ES,CSIC,member,498,https://ror.org/01nsd7y51,0,CSIC - Geociencias Barcelona (GEO3BCN),,60029205,,0,0,0,2000
CSIC - Institut d'Anàlisi Econòmica (IAE),CSIC - Institut d'Anàlisi Econòmica (IAE),Spain,ES,CSIC,member,499,https://ror.org/02pfge856,0,CSIC - Institut d'Anàlisi Econòmica (IAE),,60017553,,0,0,0,2000
CSIC - Institut de Ciència de Materials de Barcelona (ICMAB),CSIC - Institut de Ciència de Materials de Barcelona (ICMAB),Spain,ES,CSIC,member,500,https://ror.org/03hasqf61,0,CSIC - Institut de Ciència de Materials de Barcelona (ICMAB),,60024288,,0,0,0,2000
CSIC - Instituto Cajal (IC),CSIC - Instituto Cajal (IC),Spain,ES,CSIC,member,501,https://ror.org/012gwbh42,0,CSIC - Instituto Cajal (IC),,60022146,,0,0,0,2000
CSIC - Instituto de Biologia Molecular y Celular de Plantas Primo Yufera,CSIC - Instituto de Biologia Molecular y Celular de Plantas Primo Yufera,Spain,ES,CSIC,member,502,https://ror.org/04zdays56,0,CSIC - Instituto de Biologia Molecular y Celular de Plantas Primo Yufera,,60001204,,0,0,0,2000
CSIC - Instituto de Biología Integrativa de Sistemas,CSIC - Instituto de Biología Integrativa de Sistemas,Spain,ES,CSIC,member,503,https://ror.org/05jw4kp39,0,CSIC - Instituto de Biología Integrativa de Sistemas,,60116454,,0,0,0,2000
CSIC - Instituto de Carboquímica (ICB),CSIC - Instituto de Carboquímica (ICB),Spain,ES,CSIC,member,504,https://ror.org/05dsysc59,0,CSIC - Instituto de Carboquímica (ICB),,60010916,,0,0,0,2000
CSIC - Instituto de Catálisis y Petroleoquímica (ICP),CSIC - Instituto de Catálisis y Petroleoquímica (ICP),Spain,ES,CSIC,member,505,https://ror.org/004swtw80,0,CSIC - Instituto de Catálisis y Petroleoquímica (ICP),,60021246,,0,0,0,2000
CSIC - Instituto de Cerámica y Vidrio (ICV),CSIC - Instituto de Cerámica y Vidrio (ICV),Spain,ES,CSIC,member,506,https://ror.org/02h7vfp25,0,CSIC - Instituto de Cerámica y Vidrio (ICV),,60011966,,0,0,0,2000
CSIC - Instituto de Ciencia de Materiales de Madrid (ICMM),CSIC - Instituto de Ciencia de Materiales de Madrid (ICMM),Spain,ES,CSIC,member,507,https://ror.org/02qqy8j09,0,CSIC - Instituto de Ciencia de Materiales de Madrid (ICMM),,60006424,,0,0,0,2000
CSIC - Instituto de Ciencias Marinas de Andalucia (ICMAN),CSIC - Instituto de Ciencias Marinas de Andalucia (ICMAN),Spain,ES,CSIC,member,508,https://ror.org/04qayn356,0,CSIC - Instituto de Ciencias Marinas de Andalucia (ICMAN),,60009410,,0,0,0,2000
CSIC - Instituto de Ciencias del Espacio (ICE),CSIC - Instituto de Ciencias del Espacio (ICE),Spain,ES,CSIC,member,509,https://ror.org/01vbgty78,0,CSIC - Instituto de Ciencias del Espacio (ICE),,60103733,,1,1,0,1998
CSIC - Instituto de Ciencias del Mar (ICM),CSIC - Instituto de Ciencias del Mar (ICM),Spain,ES,CSIC,member,510,https://ror.org/05ect0289,0,CSIC - Instituto de Ciencias del Mar (ICM),,60007870,,0,0,0,2000
CSIC - Instituto de Ciencias del Patrimonio (INCIPIT),CSIC - Instituto de Ciencias del Patrimonio (INCIPIT),Spain,ES,CSIC,member,511,https://ror.org/03fz4fp45,0,CSIC - Instituto de Ciencias del Patrimonio (INCIPIT),,60104356,,0,0,0,2000
CSIC - Instituto de Diagnóstico Ambiental y Estudios del Agua (IDAEA),CSIC - Instituto de Diagnóstico Ambiental y Estudios del Agua (IDAEA),Spain,ES,CSIC,member,512,https://ror.org/056yktd04,0,CSIC - Instituto de Diagnóstico Ambiental y Estudios del Agua (IDAEA),,60103754,,0,0,0,2000
CSIC - Instituto de Estructura de la Materia (IEM),CSIC - Instituto de Estructura de la Materia (IEM),Spain,ES,CSIC,member,513,https://ror.org/05rtchs68,0,CSIC - Instituto de Estructura de la Materia (IEM),,60000580,,0,0,0,2000
CSIC - Instituto de Fisica Fundamental (IFF),CSIC - Instituto de Fisica Fundamental (IFF),Spain,ES,CSIC,member,514,https://ror.org/009wseg80,0,CSIC - Instituto de Fisica Fundamental (IFF),,60004127,,0,0,0,2000
CSIC - Instituto de Investigacion en Inteligencia Artificial (IIIA),CSIC - Instituto de Investigacion en Inteligencia Artificial (IIIA),Spain,ES,CSIC,member,515,https://ror.org/03c0ach84,0,CSIC - Instituto de Investigacion en Inteligencia Artificial (IIIA),,60019058,,0,1,0,1999
CSIC - Instituto de Investigaciones Marinas (IIM),CSIC - Instituto de Investigaciones Marinas (IIM),Spain,ES,CSIC,member,516,https://ror.org/05pnwvj86,0,CSIC - Instituto de Investigaciones Marinas (IIM),,60015192,,0,0,0,2000
CSIC - Instituto de Microelectronica de Barcelona (IMB-CNM),CSIC - Instituto de Microelectronica de Barcelona (IMB-CNM),Spain,ES,CSIC,member,517,https://ror.org/04pnym676,0,CSIC - Instituto de Microelectronica de Barcelona (IMB-CNM),,60103765,,0,1,0,1999
CSIC - Instituto de Química Avanzada de Cataluña (IQAC),CSIC - Instituto de Química Avanzada de Cataluña (IQAC),Spain,ES,CSIC,member,518,https://ror.org/03srn9y98,0,CSIC - Instituto de Química Avanzada de Cataluña (IQAC),,60103742,,0,0,0,2000
CSIC - Instituto de Química Física Rocasolano (IQFR),CSIC - Instituto de Química Física Rocasolano (IQFR),Spain,ES,CSIC,member,519,https://ror.org/03xk60j79,0,CSIC - Instituto de Química Física Rocasolano (IQFR),,60007643,,0,0,0,2000
CSIC - Instituto de Química Orgánica General IQOG,CSIC - Instituto de Química Orgánica General IQOG,Spain,ES,CSIC,member,520,https://ror.org/05e0q7s59,0,CSIC - Instituto de Química Orgánica General IQOG,,60007831,,0,0,0,2000
CSIC - Instituto de Tecnologías Físicas y de la Información Leonardo Torres Quevedo (ITEFI),CSIC - Instituto de Tecnologías Físicas y de la Información Leonardo Torres Quevedo (ITEFI),Spain,ES,CSIC,member,521,https://ror.org/00zsy6110,0,CSIC - Instituto de Tecnologías Físicas y de la Información Leonardo Torres Quevedo (ITEFI),,60119988,,0,0,0,2000
CSIC - Instituto de Óptica Daza de Valdés; (IO-CSIC),CSIC - Instituto de Óptica Daza de Valdés; (IO-CSIC),Spain,ES,CSIC,member,522,https://ror.org/002zef647,0,CSIC - Instituto de Óptica Daza de Valdés; (IO-CSIC),,60010396,,0,0,0,2000
CSIC UPV Centro de Fisica de Materials CFM,CSIC UPV Centro de Fisica de Materials CFM,Spain,ES,CSIC,member,523,https://ror.org/02hpa6m94,0,CSIC UPV Centro de Fisica de Materials CFM,,60103735,,0,0,0,2000
CSIC- Estación Biológica de Doñana EBD,CSIC- Estación Biológica de Doñana EBD,Spain,ES,CSIC,member,524,https://ror.org/006gw6z14,0,CSIC- Estación Biológica de Doñana EBD,,60006627,,0,0,0,2000
CSIC-GV-UV - Centre d'Investigacions sobre Desertificació,CSIC-GV-UV - Centre d'Investigacions sobre Desertificació,Spain,ES,CSIC,member,525,https://ror.org/01a631g06,0,CSIC-GV-UV - Centre d'Investigacions sobre Desertificació,,60103731,,0,0,0,2000
CSIC-JA-USE - Centro Nacional de Aceleradores,CSIC-JA-USE - Centro Nacional de Aceleradores,Spain,ES,CSIC,member,526,https://ror.org/00r1wwd23,0,CSIC-JA-USE - Centro Nacional de Aceleradores,,60033101,,0,0,0,2000
CSIC-JA-USE - Instituto de Biomedicina de Sevilla,CSIC-JA-USE - Instituto de Biomedicina de Sevilla,Spain,ES,CSIC,member,527,https://ror.org/031zwx660,0,CSIC-JA-USE - Instituto de Biomedicina de Sevilla,,60103764,,0,0,0,2000
CSIC-UAM - Centro de Biología Molecular Severo Ochoa (CBM),CSIC-UAM - Centro de Biología Molecular Severo Ochoa (CBM),Spain,ES,CSIC,member,528,https://ror.org/03v9e8t09,0,CSIC-UAM - Centro de Biología Molecular Severo Ochoa (CBM),,60018505,,0,0,0,2000
CSIC-UAM - Instituto de Física Teórica (IFT),CSIC-UAM - Instituto de Física Teórica (IFT),Spain,ES,CSIC,member,529,https://ror.org/022r8mj40,0,CSIC-UAM - Instituto de Física Teórica (IFT),,60032795,,0,0,0,2000
CSIC-UAM - Instituto de Investigaciones Biomédicas Sols-Morreale (IIBM),CSIC-UAM - Instituto de Investigaciones Biomédicas Sols-Morreale (IIBM),Spain,ES,CSIC,member,530,https://ror.org/00ha1f767,0,CSIC-UAM - Instituto de Investigaciones Biomédicas Sols-Morreale (IIBM),,60009196,,0,0,0,2000
CSIC-UAM-UC3M-UCM - Instituto de Ciencias Matemáticas (ICMAT),CSIC-UAM-UC3M-UCM - Instituto de Ciencias Matemáticas (ICMAT),Spain,ES,CSIC,member,531,https://ror.org/05e9bn444,0,CSIC-UAM-UC3M-UCM - Instituto de Ciencias Matemáticas (ICMAT),,60103759,,0,1,0,1999
CSIC-UC - Instituto de Física de Cantabria (IFCA),CSIC-UC - Instituto de Física de Cantabria (IFCA),Spain,ES,CSIC,member,532,https://ror.org/040kx1j83,0,CSIC-UC - Instituto de Física de Cantabria (IFCA),,60003879,,0,0,0,2000
CSIC-UCM - Instituto de Geociencias (IGEO),CSIC-UCM - Instituto de Geociencias (IGEO),Spain,ES,CSIC,member,533,https://ror.org/04qan0m84,0,CSIC-UCM - Instituto de Geociencias (IGEO),,60104357,,0,0,0,2000
CSIC-UGR - Instituto Andaluz de Ciencias de la Tierra (IACT),CSIC-UGR - Instituto Andaluz de Ciencias de la Tierra (IACT),Spain,ES,CSIC,member,534,https://ror.org/00v0g9w49,0,CSIC-UGR - Instituto Andaluz de Ciencias de la Tierra (IACT),,60030188,,0,0,0,2000
CSIC-UIB - Instituto Mediterraneo de Estudios Avanzados (IMEDEA),CSIC-UIB - Instituto Mediterraneo de Estudios Avanzados (IMEDEA),Spain,ES,CSIC,member,535,https://ror.org/02e9dby02,0,CSIC-UIB - Instituto Mediterraneo de Estudios Avanzados (IMEDEA),,60017294,,0,0,0,2000
CSIC-UIB - Instituto de Fisica Interdisciplinar y Sistemas Complejos (IFISC),CSIC-UIB - Instituto de Fisica Interdisciplinar y Sistemas Complejos (IFISC),Spain,ES,CSIC,member,536,https://ror.org/00pfxsh56,0,CSIC-UIB - Instituto de Fisica Interdisciplinar y Sistemas Complejos (IFISC),,60086942,,0,0,0,2000
CSIC-UMA - Instituto de Hortofruticultura Subtropical y Mediterranea La Mayora (IHSM),CSIC-UMA - Instituto de Hortofruticultura Subtropical y Mediterranea La Mayora (IHSM),Spain,ES,CSIC,member,537,https://ror.org/04nrv3s86,0,CSIC-UMA - Instituto de Hortofruticultura Subtropical y Mediterranea La Mayora (IHSM),,60104354,,0,0,0,2000
CSIC-UMH - Instituto de Neurociencias (IN),CSIC-UMH - Instituto de Neurociencias (IN),Spain,ES,CSIC,member,538,https://ror.org/000nhpy59,0,CSIC-UMH - Instituto de Neurociencias (IN),,60017107,,0,0,0,2000
CSIC-UPC - Instituto de Robotica e Informatica Industrial (IRII),CSIC-UPC - Instituto de Robotica e Informatica Industrial (IRII),Spain,ES,CSIC,member,539,https://ror.org/00mcdyn90,0,CSIC-UPC - Instituto de Robotica e Informatica Industrial (IRII),,60030064,,0,0,0,2000
CSIC-UPF - Instituto de Biologia Evolutiva (IBE),CSIC-UPF - Instituto de Biologia Evolutiva (IBE),Spain,ES,CSIC,member,540,https://ror.org/044mj7r89,0,CSIC-UPF - Instituto de Biologia Evolutiva (IBE),,60103738,,0,0,0,2000
CSIC-UPM - Centro de Automatica y Robotica (CAR),CSIC-UPM - Centro de Automatica y Robotica (CAR),Spain,ES,CSIC,member,541,https://ror.org/02wh02235,0,CSIC-UPM - Centro de Automatica y Robotica (CAR),,60103740,,0,0,0,2000
CSIC-UPV - Instituto de Gestión de la Innovación y del Conocimiento,CSIC-UPV - Instituto de Gestión de la Innovación y del Conocimiento,Spain,ES,CSIC,member,542,https://ror.org/02rgtxm82,0,CSIC-UPV - Instituto de Gestión de la Innovación y del Conocimiento,,60029724,,0,0,0,2000
CSIC-UPV - Instituto de Tecnología Química (ITQ),CSIC-UPV - Instituto de Tecnología Química (ITQ),Spain,ES,CSIC,member,543,https://ror.org/038792a28,0,CSIC-UPV - Instituto de Tecnología Química (ITQ),,60068624,,0,0,0,2000
CSIC-UPV-CIEMAT - Instituto de Instrumentación para Imagen Molecular,CSIC-UPV-CIEMAT - Instituto de Instrumentación para Imagen Molecular,Spain,ES,CSIC,member,544,https://ror.org/03p80e845,0,CSIC-UPV-CIEMAT - Instituto de Instrumentación para Imagen Molecular,,60104358,,0,0,0,2000
CSIC-USE - Instituto de Ciencia de Materiales de Sevilla,CSIC-USE - Instituto de Ciencia de Materiales de Sevilla,Spain,ES,CSIC,member,545,https://ror.org/00rafd796,0,CSIC-USE - Instituto de Ciencia de Materiales de Sevilla,,60029832,,0,0,0,2000
CSIC-UV - Instituto de Física Corpuscular,CSIC-UV - Instituto de Física Corpuscular,Spain,ES,CSIC,member,546,https://ror.org/017xch102,0,CSIC-UV - Instituto de Física Corpuscular,,60013557,,0,0,0,2000
CSIC-UZA - Instituto de Ciencia de Materiales de Aragon (ICMA),CSIC-UZA - Instituto de Ciencia de Materiales de Aragon (ICMA),Spain,ES,CSIC,member,547,,0,CSIC-UZA - Instituto de Ciencia de Materiales de Aragon (ICMA),,60030975,,0,0,0,0
California Digital Libraries,California Digital Libraries,United States,US,CDL,champion,548,https://ror.org/03yrm5c26,1,California Digital Libraries,,,special definition,0,0,0,2000
Campus de Excelencia Internacional UAM+CSIC,Campus de Excelencia Internacional UAM+CSIC,Spain,ES,CSIC,member,549,,0,Campus de Excelencia Internacional UAM+CSIC,,60204350,,0,0,0,0
Canadian Research Knowledge Network,Canadian Research Knowledge Network,Canada,CA,CRKN,member,550,https://ror.org/00s5kmw74,1,Canadian Research Knowledge Network,,,special definition,0,0,0,2000
Cape Breton University,Cape Breton University,Canada,CA,CRKN,member,551,https://ror.org/052y05165,0,Cape Breton University,,60029897,,0,0,0,2000
Central European University (CEU),Central European University (CEU),Austria,AT,,member,552,https://ror.org/02zx40v98,0,Central European University (CEU),5231133,60009563,,0,0,0,2000
Centre pour la Communication Scientifique Directe,Centre pour la Communication Scientifique Directe,France,FR,CCSD,member,553,,1,Centre pour la Communication Scientifique Directe,,,special definition,0,0,0,0
Centro de Astrobiología (CSIC-INTA),Centro de Astrobiología (CSIC-INTA),Spain,ES,CSIC,member,554,https://ror.org/038szmr31,0,Centro de Astrobiología (CSIC-INTA),,60028677,,0,0,0,2000
Charles Sturt University,Charles Sturt University,Australia,AU,CAUL,member,555,https://ror.org/00wfvh315,0,Charles Sturt University,,60001248,,0,0,0,2000
Chinese University of Hong Kong,Chinese University of Hong Kong,China,CN,,member,556,https://ror.org/00t33hh48,0,Chinese University of Hong Kong,,60002798,,16,3,5,1976
Commissariat à l'Énergie Atomique (CEA),Commissariat à l'Énergie Atomique (CEA),France,FR,CCSD,member,557,https://ror.org/00jjx8s55,0,Commissariat à l'Énergie Atomique (CEA),,60007816,,7,0,18,1975
CSIC - Spanish National Research Council,CSIC - Spanish National Research Council,Spain,ES,CSIC,member,558,https://ror.org/02gfc7t72,1,CSIC - Spanish National Research Council,,60006754,special definition,1,0,24,1975
Curtin University,Curtin University,Australia,AU,CAUL,member,559,https://ror.org/02n415q13,0,Curtin University,,60031226,,1,1,1,1997
FinElib Consortium,FinElib Consortium,Finland,FI,FinELib,member,560,,1,FinElib Consortium,,,special definition,0,0,0,0
Forschungszentrum Julich,Forschungszentrum Julich,Germany,DE,DHHGF,member,561,https://ror.org/02nv7yv05,0,Forschungszentrum Julich,5231149,60007774,,1,0,1,1998
Fraunhofer-Gesellschaft,Fraunhofer-Gesellschaft,Germany,DE,DHHGF,member,562,https://ror.org/05hkkdn48,0,Fraunhofer-Gesellschaft,,60005811,,0,0,0,2000
Freie Universität Berlin,Freie Universität Berlin,Germany,DE,DHHGF,member,563,https://ror.org/046ak2485,0,Freie Universität Berlin,5231150,60030718,,4,1,0,1995
Georg-August-Universität Göttingen,Georg-August-Universität Göttingen,Germany,DE,DHHGF,member,564,https://ror.org/01y9bpm73,0,Georg-August-Universität Göttingen,,60031514,,3,0,0,1997
German National Library of Science and Technology,German National Library of Science and Technology,Germany,DE,DHHGF,member,565,https://ror.org/04aj4c181,0,German National Library of Science and Technology,5118918,60112390,,1,0,0,1999
Ghent University Libraries,Ghent University Libraries,Belgium,BE,,member,566,https://ror.org/00cv9y106,0,Ghent University Libraries,5231151,60033316,,4,0,1,1995
Hiroshima University,Hiroshima University,Japan,JP,NII,member,567,https://ror.org/03t78wx29,0,Hiroshima University,,60030788,,4,0,2,1994
Hokkaido University,Hokkaido University,Japan,JP,NII,member,568,https://ror.org/02e16g702,0,Hokkaido University,,60014652,,3,0,0,1997
Humboldt-Universität zu Berlin,Humboldt-Universität zu Berlin,Germany,DE,DHHGF,member,569,https://ror.org/01hcx6992,0,Humboldt-Universität zu Berlin,5231165,60000762,,1,0,1,1998
"Imperial College of Science, Technology, and Medicine","Imperial College of Science, Technology, and Medicine",United Kingdom,GB,,champion,570,https://ror.org/041kmwe10,0,"Imperial College of Science, Technology, and Medicine",,60015150,,16,4,3,1977
Institut de radioprotection et de sûreté nucléaire (IRSN),Institut de radioprotection et de sûreté nucléaire (IRSN),France,FR,COUP,member,571,https://ror.org/01ha22c77,0,Institut de radioprotection et de sûreté nucléaire (IRSN),,60027331,,0,0,0,2000
Instituto de Astrofísica de Andalucía - CSIC,Instituto de Astrofísica de Andalucía - CSIC,Spain,ES,CSIC,member,572,https://ror.org/04ka0vh05,0,Instituto de Astrofísica de Andalucía - CSIC,,60021557,,6,0,1,1993
Instituto de Nanociencia y Materiales de Aragón (INMA) CSIC-Universidad de Zaragoza,Instituto de Nanociencia y Materiales de Aragón (INMA) CSIC-Universidad de Zaragoza,Spain,ES,CSIC,member,573,https://ror.org/031n2c920,0,Instituto de Nanociencia y Materiales de Aragón (INMA) CSIC-Universidad de Zaragoza,,60187488,,0,0,0,2000
Inter-University Centre for Astronomy and Astrophysics (IUCAA),Inter-University Centre for Astronomy and Astrophysics (IUCAA),India,IN,,member,574,https://ror.org/04etcj997,0,Inter-University Centre for Astronomy and Astrophysics (IUCAA),,60007361,,1,0,0,1999
Italian Institute for Astrophysics (INAF),Italian Institute for Astrophysics (INAF),Italy,IT,,member,576,https://ror.org/02gh4kt33,0,Italian Institute for Astrophysics (INAF),5231167,60083354,,0,1,19,1980
KEK High Energy Accelerator Research Organization,KEK High Energy Accelerator Research Organization,Japan,JP,NII,member,577,https://ror.org/01g5y5k24,0,KEK High Energy Accelerator Research Organization,,60003218,,4,2,0,1994
Karlsruher Institut für Technologie,Karlsruher Institut für Technologie,Germany,DE,DHHGF,member,578,https://ror.org/04t3en479,0,Karlsruher Institut für Technologie,5231174,60102538,,9,2,1,1988
Keio University,Keio University,Japan,JP,NII,member,579,https://ror.org/02kn6nx58,0,Keio University,,60025997,,2,0,0,1998
Kobe University,Kobe University,Japan,JP,NII,member,580,https://ror.org/03tgsfw79,0,Kobe University,,60011418,,2,1,0,1997
Kyushu University,Kyushu University,Japan,JP,NII,member,581,https://ror.org/00p4k0j84,0,Kyushu University,,60011047,,6,1,0,1993
Ludwig-Maximilians-Universität München,Ludwig-Maximilians-Universität München,Germany,DE,DHHGF,member,582,https://ror.org/05591te55,0,Ludwig-Maximilians-Universität München,,60028717,,6,14,2,1978
MacEwan University,MacEwan University,Canada,CA,CRKN,member,583,https://ror.org/003s89n44,0,MacEwan University,52320628,60025926,,0,0,0,2000
Masarykova Univerzita,Masarykova Univerzita,Czech Republic,CZ,,member,585,https://ror.org/02j46qs45,0,Masarykova Univerzita,,60029543,,2,0,0,1998
Memorial University of Newfoundland,Memorial University of Newfoundland,Canada,CA,CRKN,member,586,https://ror.org/04haebc03,0,Memorial University of Newfoundland,,60019000,,0,0,0,2000
NII Japan Consortium,NII Japan Consortium,Japan,JP,NII,member,587,,1,NII Japan Consortium,,,special definition,0,0,0,0
NWO - Dutch Research Council,NWO - Dutch Research Council,Netherlands,NL,,member,588,https://ror.org/04jsz6e67,0,NWO - Dutch Research Council,5227273,60032983,,0,2,11,1987
Nagoya University,Nagoya University,Japan,JP,NII,member,589,https://ror.org/04chrp450,0,Nagoya University,,60000264,,7,3,1,1989
National Astronomical Observatory of Japan,National Astronomical Observatory of Japan,Japan,JP,NII,member,590,https://ror.org/052rrw050,0,National Astronomical Observatory of Japan,,60029701,sub to 60017899 - no articles attributed to sub,0,6,0,1994
National University of Singapore,National University of Singapore,Singapore,SG,,member,591,https://ror.org/01tgyzw49,0,National University of Singapore,,60017161,,24,0,0,1976
Nipissing University,Nipissing University,Canada,CA,CRKN,member,592,https://ror.org/05k14ba46,0,Nipissing University,,60028389,,0,0,0,2000
Ohio State University,Ohio State University,United States,US,BTAA,champion,593,https://ror.org/0561zqn56,0,Ohio State University,,60003500,,0,0,0,2000
Osaka University,Osaka University,Japan,JP,NII,member,594,https://ror.org/035t8zc32,0,Osaka University,,60024322,,7,2,0,1991
Oxford University,Oxford University,United Kingdom,UK,Jisc,member,595,https://ror.org/052gg0110,0,Oxford University,,60026851,,20,15,2,1963
Paris Nanterre University,Paris Nanterre University,France,FR,COUP,member,596,https://ror.org/013bkhk48,0,Paris Nanterre University,,60017338,,0,0,0,2000
RWTH Aachen,RWTH Aachen,Germany,DE,DHHGF,member,597,https://ror.org/04xfq0f34,0,RWTH Aachen,5231214,60016653,,9,2,3,1986
Royal Danish Library,Royal Danish Library,Denmark,DK,,member,598,https://ror.org/03vvy0v27,0,Royal Danish Library,,60111137,,0,0,0,2000
Ryerson University,Ryerson University,Canada,CA,CRKN,member,599,https://ror.org/05g13zd79,0,Ryerson University,,60030838,,2,0,0,1998
Sciences Po Grenoble,Sciences Po Grenoble,France,FR,COUP,member,600,https://ror.org/05fe7ax82,0,Sciences Po Grenoble,,60108254,,0,0,0,2000
Sheffield University,Sheffield University,United Kingdom,UK,Jisc,member,601,https://ror.org/05krs5044,0,Sheffield University,,60001881,,7,0,0,1993
"Stanford University, and SLAC","Stanford University, and SLAC",United States,US,,member,602,https://ror.org/00f54p054,0,"Stanford University, and SLAC",1736657,60012708,,26,8,3,1963
Stockholm University Library,Stockholm University Library,Sweden,SE,,member,603,https://ror.org/05f0yaq80,0,Stockholm University Library,,60028378,,15,3,1,1981
Technische Universität Berlin,Technische Universität Berlin,Germany,DE,DHHGF,member,604,https://ror.org/03v4gjf40,0,Technische Universität Berlin,5231216,60011604,,7,2,0,1991
Technische Universität Darmstadt,Technische Universität Darmstadt,Germany,DE,DHHGF,member,605,https://ror.org/05n911h24,0,Technische Universität Darmstadt,5231217,60011226,,8,2,0,1990
Technische Universität Dortmund,Technische Universität Dortmund,Germany,DE,DHHGF,member,606,https://ror.org/01k97gp34,0,Technische Universität Dortmund,,60032991,,6,0,1,1993
Technische Universität Dresden,Technische Universität Dresden,Germany,DE,DHHGF,member,607,https://ror.org/042aqky30,0,Technische Universität Dresden,,60018353,,5,0,0,1995
Technische Universität Kaiserslautern,Technische Universität Kaiserslautern,Germany,DE,DHHGF,member,608,https://ror.org/04zrf7b53,0,Technische Universität Kaiserslautern,,60009941,,1,1,1,1997
Technische Universität München,Technische Universität München,Germany,DE,DHHGF,member,609,https://ror.org/02kkvpp62,0,Technische Universität München,5231219,60019722,,16,3,5,1976
The George Washington University,The George Washington University,,,,member,610,https://ror.org/00y4zzh67,0,The George Washington University,,60003088,,0,2,0,1998
Tokyo Institute of Technology Library,Tokyo Institute of Technology Library,Japan,JP,NII,member,611,https://ror.org/0112mx960,0,Tokyo Institute of Technology Library,,60031126,,6,1,0,1993
Trent University,Trent University,Canada,CA,CRKN,member,612,https://ror.org/03ygmq230,0,Trent University,,60031024,,0,1,0,1999
UPMC (Universite Pierre and Marie Curie),UPMC (Universite Pierre and Marie Curie),France,FR,CCSD,member,613,https://ror.org/02en5vm52,0,UPMC (Universite Pierre and Marie Curie),,60001422,,18,1,12,1969
"Unidad de Biofísica (UPV/EHU, CSIC)","Unidad de Biofísica (UPV/EHU, CSIC)",Spain,ES,CSIC,member,614,https://ror.org/041xzk838,0,"Unidad de Biofísica (UPV/EHU, CSIC)",,60103758,,0,0,0,2000
Universitat Konstanz,Universitat Konstanz,Germany,DE,DHHGF,member,615,https://ror.org/0546hnb39,0,Universitat Konstanz,,60025525,,0,0,0,2000
Universitat Mannheim,Universitat Mannheim,Germany,DE,DHHGF,member,616,https://ror.org/031bsb921,0,Universitat Mannheim,,60006341,,1,0,0,1999
University of Canterbury,University of Canterbury,Australia,AU,CAUL,member,617,https://ror.org/03y7q9t39,0,University of Canterbury,,60020585,,1,0,1,1998
University of Graz,University of Graz,Austria,AT,,member,618,https://ror.org/01faaaf77,0,University of Graz,52318444,60022457,,2,0,0,1998
University of Illinois at Urbana-Champaign,University of Illinois at Urbana-Champaign,United States,US,BTAA,champion,619,https://ror.org/047426m28,0,University of Illinois at Urbana-Champaign,,60000745,,18,7,1,1974
University of Nebraska,University of Nebraska,United States,US,BTAA,champion,620,https://ror.org/0238rvs44,0,University of Nebraska,,60004312,,0,0,3,1997
"University of New South Wales, Sydney","University of New South Wales, Sydney",Australia,AU,CAUL,member,621,https://ror.org/03r8z3t63,0,"University of New South Wales, Sydney",,60028333,,3,2,0,1995
University of Newcastle,University of Newcastle,Australia,AU,CAUL,member,622,https://ror.org/01kj2bm70,0,University of Newcastle,,60010571,,3,1,3,1993
University of Northern British Columbia,University of Northern British Columbia,Canada,CA,CRKN,member,623,https://ror.org/025wzwv46,0,University of Northern British Columbia,,60011550,,0,0,0,2000
University of Ottawa,University of Ottawa,Canada,CA,CRKN,member,624,https://ror.org/03c4mmv16,0,University of Ottawa,,60028897,,3,2,0,1995
University of Pittsburgh,University of Pittsburgh,United States,US,,member,625,https://ror.org/01an3r305,0,University of Pittsburgh,1734360,60015543,,3,1,0,1996
University of Saskatchewan,University of Saskatchewan,Canada,CA,CRKN,member,626,https://ror.org/010x8gc63,0,University of Saskatchewan,,60015186,,1,0,0,1999
University of Southern Queensland,University of Southern Queensland,Australia,AU,CAUL,member,627,https://ror.org/04sjbnx57,0,University of Southern Queensland,,60020321,,2,0,0,1998
University of St. Andrews,University of St. Andrews,United Kingdom,UK,,member,628,https://ror.org/02wn5qz54,0,University of St. Andrews,,60022132,,4,0,0,1996
University of the Fraser Valley,University of the Fraser Valley,Canada,CA,CRKN,member,629,https://ror.org/04h6w7946,0,University of the Fraser Valley,,60103055,,0,0,0,2000
Universität Bielefeld,Universität Bielefeld,Germany,DE,DHHGF,member,631,https://ror.org/02hpadn98,0,Universität Bielefeld,5231237,60015595,,1,1,0,1998
Universität Bochum,Universität Bochum,Germany,DE,DHHGF,member,632,https://ror.org/04tsk2644,0,Universität Bochum,5231238,60015449,,2,0,1,1997
Universität Bonn,Universität Bonn,Germany,DE,DHHGF,member,633,https://ror.org/041nas322,0,Universität Bonn,5231239,60007493,,0,4,0,1996
Universität Erlangen-Nürnberg,Universität Erlangen-Nürnberg,Germany,DE,DHHGF,member,634,https://ror.org/00f7hpc57,0,Universität Erlangen-Nürnberg,5231241,60000765,,5,2,2,1991
Universität Frankfurt am Main,Universität Frankfurt am Main,Germany,DE,DHHGF,member,635,https://ror.org/04cvxnb49,0,Universität Frankfurt am Main,5231242,60007762,,7,1,3,1989
Universität Freiburg,Universität Freiburg,Germany,DE,DHHGF,member,636,https://ror.org/0245cg223,0,Universität Freiburg,5231243,60025641,,0,3,0,1997
Universität Hamburg,Universität Hamburg,Germany,DE,DHHGF,member,637,https://ror.org/00g30e956,0,Universität Hamburg,5231244,60028229,,2,2,4,1992
Universität Hannover,Universität Hannover,Germany,DE,DHHGF,member,638,https://ror.org/0304hq317,0,Universität Hannover,5231245,60004935,,1,0,1,1998
Universität Heidelberg,Universität Heidelberg,Germany,DE,DHHGF,member,639,https://ror.org/038t36y30,0,Universität Heidelberg,5231246,60016908,,7,3,4,1986
Universität Jena,Universität Jena,Germany,DE,DHHGF,member,640,https://ror.org/05qpz1x62,0,Universität Jena,5231247,60029507,,1,0,0,1999
Universität Mainz,Universität Mainz,Germany,DE,DHHGF,member,641,https://ror.org/023b0x485,0,Universität Mainz,5231248,60031216,,1,0,2,1997
Universität Potsdam,Universität Potsdam,Germany,DE,DHHGF,member,642,https://ror.org/03bnmw459,0,Universität Potsdam,,60021763,,0,2,0,1998
Universität Regensburg,Universität Regensburg,Germany,DE,DHHGF,member,643,https://ror.org/01eezs655,0,Universität Regensburg,5231249,60030807,,6,0,0,1994
Universität Stuttgart,Universität Stuttgart,Germany,DE,DHHGF,member,644,https://ror.org/04vnq7t77,0,Universität Stuttgart,5231250,60015815,,2,1,0,1997
Universität Tübingen,Universität Tübingen,Germany,DE,DHHGF,member,645,https://ror.org/03a1kwz48,0,Universität Tübingen,,60017246,,10,0,4,1986
Universität Ulm,Universität Ulm,Germany,DE,DHHGF,member,646,https://ror.org/032000t02,0,Universität Ulm,,60010586,,0,0,0,2000
Universität Würzburg,Universität Würzburg,Germany,DE,DHHGF,member,647,https://ror.org/00fbnyb24,0,Universität Würzburg,,60012689,,4,1,1,1994
Universität des Saarlandes,Universität des Saarlandes,Germany,DE,DHHGF,member,649,https://ror.org/01jdpyv68,0,Universität des Saarlandes,5231240,60033241,,2,0,0,1998
Universität zu Köln,Universität zu Köln,Germany,DE,DHHGF,member,650,https://ror.org/00rcxh774,0,Universität zu Köln,5231254,60024025,,6,0,0,1994
Universität-Münster,Universität-Münster,Germany,DE,DHHGF,member,651,https://ror.org/00pd74e08,0,Universität-Münster,5231255,60000401,,2,0,2,1996
Université Claude Bernard Lyon 1,Université Claude Bernard Lyon 1,France,FR,COUP,member,652,https://ror.org/029brtt94,0,Université Claude Bernard Lyon 1,,60023578,,4,1,6,1989
Université Paris-Saclay,Université Paris-Saclay,France,FR,CCSD,member,653,https://ror.org/03xjwb503,0,Université Paris-Saclay,,60106017,,23,1,12,1964
Université Paris-Sud,Université Paris-Sud,France,FR,CCSD,member,654,https://ror.org/028rypz17,0,Université Paris-Sud,,,,0,0,0,2000
Université Toulouse III -Paul Sabatier,Université Toulouse III -Paul Sabatier,France,FR,COUP,member,655,https://ror.org/02v6kpv12,0,Université Toulouse III -Paul Sabatier,,60027245,,1,0,9,1990
Université de Grenoble Alpes,Université de Grenoble Alpes,France,FR,CCSD,member,656,https://ror.org/02rx3b187,0,Université de Grenoble Alpes,,60104653,,15,1,7,1977
Université de Rennes 1,Université de Rennes 1,France,FR,CCSD,member,657,https://ror.org/015m7wh34,0,Université de Rennes 1,,60030553,,5,0,0,1995
Utrecht University Libraries,Utrecht University Libraries,Netherlands,NL,,member,658,https://ror.org/04pp8hn57,0,Utrecht University Libraries,,60007989,,6,2,2,1990
Weizmann Institute of Science,Weizmann Institute of Science,Israel,IL,,member,659,https://ror.org/0316ej306,0,Weizmann Institute of Science,5231336,60017563,,7,2,0,1991
Wilfrid Laurier University,Wilfrid Laurier University,Canada,CA,CRKN,member,660,https://ror.org/00fn7gb05,0,Wilfrid Laurier University,,60000521,,2,0,0,1998
York University,York University,Canada,CA,CRKN,member,661,https://ror.org/05fq50484,0,York University,,60033420,,0,0,0,2000
UCLouvain,UCLouvain,Belgium,BE,,inactive,470,,0,UCLouvain,,,,0,0,0,0
Consortium of Swiss Academic Libraries (CSAL),Consortium of Swiss Academic Libraries (CSAL),Switzerland,CH,CSAL,member,662,https://ror.org/01jmqcy63,1,Consortium of Swiss Academic Libraries (CSAL),,,,0,0,0,2000
Joint Information Systems Committee (Jisc),Joint Information Systems Committee (Jisc),United Kingdom,UK,Jisc,member,663,https://ror.org/01rv9gx86,1,Joint Information Systems Committee (Jisc),,,,0,0,0,2000
arXiv-DH and Helmholtz Association of German Research Centres (HGF) (DHHGF),arXiv-DH and Helmholtz Association of German Research Centres (HGF) (DHHGF),Germany,DE,DHHGF,member,664,,1,arXiv-DH and Helmholtz Association of German Research Centres (HGF) (DHHGF),,,includes https://ror.org/0281dp749,0,0,0,0
Council of Australian University Librarians (CAUL),Council of Australian University Librarians (CAUL),Australia,AU,CAUL,member,665,https://ror.org/00aa7w613,1,Council of Australian University Librarians (CAUL),,,,0,0,0,2000
Couperin (COUP),Couperin (COUP),France,FR,COUP,member,666,https://ror.org/035c9qf67,1,Couperin (COUP),,,,0,0,0,2000
